customer_name,customer_phone,customer_email,address_line1,address_line2,city,state,postal_code,country,product_name,sku,quantity,price,weight,payment_method,payment_status,order_status
Rahul Sharma,9876543210,rahul@example.com,123 MG Road,Near Mall,Mumbai,Maharashtra,400001,India,Cotton T-Shirt,TS-001,1,499,0.3,prepaid,paid,pending
Priya Singh,9123456789,priya@example.com,456 Connaught Place,,Delhi,Delhi,110001,India,Jeans,JN-002,2,1299,0.8,cod,pending,new
Amit Kumar,9988776655,amit@example.com,789 Park Street,,Kolkata,West Bengal,700016,India,Sneakers,SN-003,1,2499,0.5,prepaid,paid,pending
Sneha Patel,9876501234,sneha@example.com,321 Anna Salai,,Chennai,Tamil Nadu,600002,India,Handbag,HB-004,1,1999,0.4,cod,pending,ready
Vikram Reddy,9123450987,vikram@example.com,654 Necklace Road,,Hyderabad,Telangana,500001,India,Watch,WT-005,1,3999,0.2,prepaid,paid,pending
